{
  "ABIRoot": {
    "kind": "Root",
    "name": "SwiftUIUtils",
    "printedName": "SwiftUIUtils",
    "children": [
      {
        "kind": "Import",
        "name": "SwiftUI",
        "printedName": "SwiftUI",
        "declKind": "Import",
        "moduleName": "SwiftUIUtils",
        "declAttributes": [
          "RawDocComment"
        ]
      },
      {
        "kind": "Import",
        "name": "Foundation",
        "printedName": "Foundation",
        "declKind": "Import",
        "moduleName": "SwiftUIUtils",
        "declAttributes": [
          "RawDocComment"
        ]
      },
      {
        "kind": "Import",
        "name": "Network",
        "printedName": "Network",
        "declKind": "Import",
        "moduleName": "SwiftUIUtils"
      },
      {
        "kind": "Import",
        "name": "Foundation",
        "printedName": "Foundation",
        "declKind": "Import",
        "moduleName": "SwiftUIUtils",
        "declAttributes": [
          "RawDocComment"
        ]
      },
      {
        "kind": "Import",
        "name": "SwiftUI",
        "printedName": "SwiftUI",
        "declKind": "Import",
        "moduleName": "SwiftUIUtils"
      },
      {
        "kind": "Import",
        "name": "Network",
        "printedName": "Network",
        "declKind": "Import",
        "moduleName": "SwiftUIUtils"
      },
      {
        "kind": "TypeDecl",
        "name": "NetworkLoadingView",
        "printedName": "NetworkLoadingView",
        "children": [
          {
            "kind": "Constructor",
            "name": "init",
            "printedName": "init(appid:completion:customLoadingView:)",
            "children": [
              {
                "kind": "TypeNominal",
                "name": "NetworkLoadingView",
                "printedName": "SwiftUIUtils.NetworkLoadingView<τ_0_0>",
                "children": [
                  {
                    "kind": "TypeNominal",
                    "name": "GenericTypeParam",
                    "printedName": "τ_0_0"
                  }
                ],
                "usr": "s:12SwiftUIUtils18NetworkLoadingViewV"
              },
              {
                "kind": "TypeNominal",
                "name": "String",
                "printedName": "Swift.String",
                "usr": "s:SS"
              },
              {
                "kind": "TypeNominal",
                "name": "Optional",
                "printedName": "((Swift.Bool) -> ())?",
                "children": [
                  {
                    "kind": "TypeFunc",
                    "name": "Function",
                    "printedName": "(Swift.Bool) -> ()",
                    "children": [
                      {
                        "kind": "TypeNominal",
                        "name": "Void",
                        "printedName": "()"
                      },
                      {
                        "kind": "TypeNominal",
                        "name": "Bool",
                        "printedName": "Swift.Bool",
                        "usr": "s:Sb"
                      }
                    ]
                  }
                ],
                "hasDefaultArg": true,
                "usr": "s:Sq"
              },
              {
                "kind": "TypeNominal",
                "name": "Optional",
                "printedName": "τ_0_0?",
                "children": [
                  {
                    "kind": "TypeNominal",
                    "name": "GenericTypeParam",
                    "printedName": "τ_0_0"
                  }
                ],
                "hasDefaultArg": true,
                "usr": "s:Sq"
              }
            ],
            "declKind": "Constructor",
            "usr": "s:12SwiftUIUtils18NetworkLoadingViewV5appid10completion06customdE0ACyxGSS_ySbcSgxSgtcfc",
            "mangledName": "$s12SwiftUIUtils18NetworkLoadingViewV5appid10completion06customdE0ACyxGSS_ySbcSgxSgtcfc",
            "moduleName": "SwiftUIUtils",
            "genericSig": "<τ_0_0 where τ_0_0 : SwiftUI.View>",
            "sugared_genericSig": "<CustomLoadingView where CustomLoadingView : SwiftUI.View>",
            "declAttributes": [
              "Preconcurrency",
              "Custom",
              "AccessControl"
            ],
            "init_kind": "Designated"
          },
          {
            "kind": "Constructor",
            "name": "init",
            "printedName": "init(appid:completion:customLoadingView:)",
            "children": [
              {
                "kind": "TypeNominal",
                "name": "NetworkLoadingView",
                "printedName": "SwiftUIUtils.NetworkLoadingView<τ_0_0>",
                "children": [
                  {
                    "kind": "TypeNominal",
                    "name": "GenericTypeParam",
                    "printedName": "τ_0_0"
                  }
                ],
                "usr": "s:12SwiftUIUtils18NetworkLoadingViewV"
              },
              {
                "kind": "TypeNominal",
                "name": "String",
                "printedName": "Swift.String",
                "usr": "s:SS"
              },
              {
                "kind": "TypeNominal",
                "name": "Optional",
                "printedName": "((Swift.Bool) -> ())?",
                "children": [
                  {
                    "kind": "TypeFunc",
                    "name": "Function",
                    "printedName": "(Swift.Bool) -> ()",
                    "children": [
                      {
                        "kind": "TypeNominal",
                        "name": "Void",
                        "printedName": "()"
                      },
                      {
                        "kind": "TypeNominal",
                        "name": "Bool",
                        "printedName": "Swift.Bool",
                        "usr": "s:Sb"
                      }
                    ]
                  }
                ],
                "hasDefaultArg": true,
                "usr": "s:Sq"
              },
              {
                "kind": "TypeFunc",
                "name": "Function",
                "printedName": "() -> τ_0_0",
                "children": [
                  {
                    "kind": "TypeNominal",
                    "name": "GenericTypeParam",
                    "printedName": "τ_0_0"
                  },
                  {
                    "kind": "TypeNominal",
                    "name": "Void",
                    "printedName": "()"
                  }
                ],
                "typeAttributes": [
                  "noescape"
                ]
              }
            ],
            "declKind": "Constructor",
            "usr": "s:12SwiftUIUtils18NetworkLoadingViewV5appid10completion06customdE0ACyxGSS_ySbcSgxyXEtcfc",
            "mangledName": "$s12SwiftUIUtils18NetworkLoadingViewV5appid10completion06customdE0ACyxGSS_ySbcSgxyXEtcfc",
            "moduleName": "SwiftUIUtils",
            "genericSig": "<τ_0_0 where τ_0_0 : SwiftUI.View>",
            "sugared_genericSig": "<CustomLoadingView where CustomLoadingView : SwiftUI.View>",
            "declAttributes": [
              "Preconcurrency",
              "Custom",
              "AccessControl"
            ],
            "init_kind": "Designated"
          },
          {
            "kind": "Var",
            "name": "body",
            "printedName": "body",
            "children": [
              {
                "kind": "TypeNominal",
                "name": "OpaqueTypeArchetype",
                "printedName": "some SwiftUI.View",
                "children": [
                  {
                    "kind": "TypeNominal",
                    "name": "View",
                    "printedName": "SwiftUI.View",
                    "usr": "s:7SwiftUI4ViewP"
                  }
                ]
              }
            ],
            "declKind": "Var",
            "usr": "s:12SwiftUIUtils18NetworkLoadingViewV4bodyQrvp",
            "mangledName": "$s12SwiftUIUtils18NetworkLoadingViewV4bodyQrvp",
            "moduleName": "SwiftUIUtils",
            "declAttributes": [
              "Preconcurrency",
              "Custom",
              "AccessControl"
            ],
            "accessors": [
              {
                "kind": "Accessor",
                "name": "Get",
                "printedName": "Get()",
                "children": [
                  {
                    "kind": "TypeNominal",
                    "name": "OpaqueTypeArchetype",
                    "printedName": "some SwiftUI.View",
                    "children": [
                      {
                        "kind": "TypeNominal",
                        "name": "View",
                        "printedName": "SwiftUI.View",
                        "usr": "s:7SwiftUI4ViewP"
                      }
                    ]
                  }
                ],
                "declKind": "Accessor",
                "usr": "s:12SwiftUIUtils18NetworkLoadingViewV4bodyQrvg",
                "mangledName": "$s12SwiftUIUtils18NetworkLoadingViewV4bodyQrvg",
                "moduleName": "SwiftUIUtils",
                "genericSig": "<τ_0_0 where τ_0_0 : SwiftUI.View>",
                "sugared_genericSig": "<CustomLoadingView where CustomLoadingView : SwiftUI.View>",
                "accessorKind": "get"
              }
            ]
          }
        ],
        "declKind": "Struct",
        "usr": "s:12SwiftUIUtils18NetworkLoadingViewV",
        "mangledName": "$s12SwiftUIUtils18NetworkLoadingViewV",
        "moduleName": "SwiftUIUtils",
        "genericSig": "<τ_0_0 where τ_0_0 : SwiftUI.View>",
        "sugared_genericSig": "<CustomLoadingView where CustomLoadingView : SwiftUI.View>",
        "declAttributes": [
          "Preconcurrency",
          "Custom",
          "AccessControl"
        ],
        "conformances": [
          {
            "kind": "Conformance",
            "name": "Copyable",
            "printedName": "Copyable",
            "usr": "s:s8CopyableP",
            "mangledName": "$ss8CopyableP"
          },
          {
            "kind": "Conformance",
            "name": "Escapable",
            "printedName": "Escapable",
            "usr": "s:s9EscapableP",
            "mangledName": "$ss9EscapableP"
          },
          {
            "kind": "Conformance",
            "name": "View",
            "printedName": "View",
            "children": [
              {
                "kind": "TypeWitness",
                "name": "Body",
                "printedName": "Body",
                "children": [
                  {
                    "kind": "TypeNominal",
                    "name": "OpaqueTypeArchetype",
                    "printedName": "some SwiftUI.View",
                    "children": [
                      {
                        "kind": "TypeNominal",
                        "name": "View",
                        "printedName": "SwiftUI.View",
                        "usr": "s:7SwiftUI4ViewP"
                      }
                    ]
                  }
                ]
              }
            ],
            "usr": "s:7SwiftUI4ViewP",
            "mangledName": "$s7SwiftUI4ViewP"
          },
          {
            "kind": "Conformance",
            "name": "Sendable",
            "printedName": "Sendable",
            "usr": "s:s8SendableP",
            "mangledName": "$ss8SendableP"
          }
        ]
      },
      {
        "kind": "Import",
        "name": "SwiftUI",
        "printedName": "SwiftUI",
        "declKind": "Import",
        "moduleName": "SwiftUIUtils",
        "declAttributes": [
          "RawDocComment"
        ]
      },
      {
        "kind": "Import",
        "name": "WebKit",
        "printedName": "WebKit",
        "declKind": "Import",
        "moduleName": "SwiftUIUtils"
      }
    ],
    "json_format_version": 8
  },
  "ConstValues": [
    {
      "filePath": "\/Users\/Shared\/TeamShare\/SwiftUIUtils\/SwiftUIUtils\/DefaultLoadingView.swift",
      "kind": "BooleanLiteral",
      "offset": 213,
      "length": 4,
      "value": "true"
    },
    {
      "filePath": "\/Users\/Shared\/TeamShare\/SwiftUIUtils\/SwiftUIUtils\/NetworkLoadingView.swift",
      "kind": "StringLiteral",
      "offset": 293,
      "length": 2,
      "value": "\"\""
    },
    {
      "filePath": "\/Users\/Shared\/TeamShare\/SwiftUIUtils\/SwiftUIUtils\/NetworkLoadingView.swift",
      "kind": "BooleanLiteral",
      "offset": 331,
      "length": 4,
      "value": "true"
    },
    {
      "filePath": "\/Users\/Shared\/TeamShare\/SwiftUIUtils\/SwiftUIUtils\/NetworkLoadingView.swift",
      "kind": "BooleanLiteral",
      "offset": 382,
      "length": 5,
      "value": "false"
    },
    {
      "filePath": "\/Users\/Shared\/TeamShare\/SwiftUIUtils\/SwiftUIUtils\/NetworkLoadingView.swift",
      "kind": "BooleanLiteral",
      "offset": 418,
      "length": 4,
      "value": "true"
    },
    {
      "filePath": "\/Users\/Shared\/TeamShare\/SwiftUIUtils\/SwiftUIUtils\/NetworkLoadingView.swift",
      "kind": "StringLiteral",
      "offset": 495,
      "length": 2,
      "value": "\"\""
    },
    {
      "filePath": "\/Users\/Shared\/TeamShare\/SwiftUIUtils\/SwiftUIUtils\/NetworkLoadingView.swift",
      "kind": "IntegerLiteral",
      "offset": 534,
      "length": 2,
      "value": "20"
    },
    {
      "filePath": "\/Users\/Shared\/TeamShare\/SwiftUIUtils\/SwiftUIUtils\/NetworkLoadingView.swift",
      "kind": "Array",
      "offset": 575,
      "length": 2,
      "value": "[]"
    },
    {
      "filePath": "\/Users\/Shared\/TeamShare\/SwiftUIUtils\/SwiftUIUtils\/NetworkLoadingView.swift",
      "kind": "StringLiteral",
      "offset": 609,
      "length": 2,
      "value": "\"\""
    },
    {
      "filePath": "\/Users\/Shared\/TeamShare\/SwiftUIUtils\/SwiftUIUtils\/NetworkLoadingView.swift",
      "kind": "StringLiteral",
      "offset": 5433,
      "length": 3,
      "value": "\"1\""
    },
    {
      "filePath": "\/Users\/Shared\/TeamShare\/SwiftUIUtils\/SwiftUIUtils\/NetworkLoadingView.swift",
      "kind": "StringLiteral",
      "offset": 5476,
      "length": 31,
      "value": "\"网络检查结果: \""
    },
    {
      "filePath": "\/Users\/Shared\/TeamShare\/SwiftUIUtils\/SwiftUIUtils\/NetworkLoadingView.swift",
      "kind": "StringLiteral",
      "offset": 5506,
      "length": 2,
      "value": "\"\""
    },
    {
      "filePath": "\/Users\/Shared\/TeamShare\/SwiftUIUtils\/SwiftUIUtils\/NetworkLoadingView.swift",
      "kind": "StringLiteral",
      "offset": 5552,
      "length": 8,
      "value": "\"测试\""
    },
    {
      "filePath": "\/Users\/Shared\/TeamShare\/SwiftUIUtils\/SwiftUIUtils\/NetworkLoadingView.swift",
      "kind": "FloatLiteral",
      "offset": 5618,
      "length": 3,
      "value": "2.0"
    }
  ]
}